Domain,Status,Attractiveness,Demand,Length,Sectors,Created,Expires,Registrar
second.loans,available,120,23%,6,"General,Mathematics",,,
flat.loans,available,116,24%,4,"Construction,Real Estate",,,
tenth.loans,available,116,7%,5,Mathematics,,,
eight.loans,available,102,23%,5,"General,Mathematics",,,
eighth.loans,available,100,6%,6,Mathematics,,,
ninth.loans,available,100,9%,5,Mathematics,,,
crack.loans,available,100,20%,5,Sports,,,
third.loans,available,100,16%,5,Mathematics,,,
sixth.loans,available,100,8%,5,Mathematics,,,
nought.loans,available,92,4%,6,Mathematics,,,
twentieth.loans,available,92,3%,9,Mathematics,,,
leash.loans,available,90,7%,5,"General,Health and Fitness,Retail",,,
hundred.loans,available,88,14%,7,Mathematics,,,
eleven.loans,available,88,33%,6,Mathematics,,,
sixteen.loans,available,88,11%,7,Mathematics,,,
twelve.loans,available,88,18%,6,"General,Mathematics",,,
fifteen.loans,available,88,13%,7,Mathematics,,,
three.loans,available,88,24%,5,Mathematics,,,
ace.loans,available,88,34%,3,Sports,,,
xiv.loans,available,86,12%,3,Mathematics,,,
cipher.loans,available,86,29%,6,Mathematics,,,
xix.loans,available,86,11%,3,Mathematics,,,
thousand.loans,available,84,8%,8,Mathematics,,,
fourteen.loans,available,84,8%,8,Mathematics,,,
twentyone.loans,available,84,13%,10,Mathematics,,,
seventeen.loans,available,84,7%,9,Mathematics,,,
thirteen.loans,available,84,10%,8,Mathematics,,,
twentytwo.loans,available,84,11%,10,Mathematics,,,
nineteen.loans,available,84,8%,8,Mathematics,,,
dozen.loans,available,82,10%,5,Mathematics,,,
decade.loans,available,82,10%,6,Mathematics,,,
fivesome.loans,available,82,1%,8,Sports,,,
twenty.loans,available,80,12%,6,Mathematics,,,
nine.loans,available,80,24%,4,"General,Mathematics",,,
seventh.loans,available,80,10%,7,Mathematics,,,
trio.loans,available,80,21%,4,Entertainment,,,
two.loans,available,80,24%,3,Mathematics,,,
forty.loans,available,80,9%,5,Mathematics,,,
yard.loans,available,80,26%,4,"Construction,General",,,
sixtynine.loans,available,78,8%,10,Mathematics,,,
twentysix.loans,available,78,8%,10,Mathematics,,,
hundredth.loans,available,76,1%,9,Mathematics,,,
fourteenth.loans,available,76,1%,10,Mathematics,,,
threed.loans,available,76,7%,7,Technology,,,
thousandth.loans,available,76,1%,10,Mathematics,,,
thirteenth.loans,available,76,4%,10,Mathematics,,,
firstrate.loans,available,76,6%,10,Business,,,
nineteenth.loans,available,76,3%,10,Mathematics,,,
fifteenth.loans,available,76,2%,9,Mathematics,,,
eighteen.loans,available,76,7%,8,Mathematics,,,
single.loans,available,74,19%,6,Sports,,,
ternary.loans,available,72,7%,7,Mathematics,,,
liv.loans,available,72,27%,3,Mathematics,,,
ninetieth.loans,available,72,1%,9,Mathematics,,,
trinity.loans,available,72,18%,7,Religion,,,
sixtieth.loans,available,72,1%,8,Mathematics,,,
eightieth.loans,available,72,1%,9,Mathematics,,,
seventieth.loans,available,72,1%,10,Mathematics,,,
trey.loans,available,72,14%,4,Sports,,,
tiptop.loans,available,70,24%,6,Fashion,,,
unity.loans,available,70,40%,5,Mathematics,,,
octonary.loans,available,68,1%,8,Mathematics,,,
sevener.loans,available,68,1%,7,Mathematics,,,
thirtieth.loans,available,68,1%,9,Mathematics,,,
ane.loans,available,68,12%,3,Mathematics,,,
fiftieth.loans,available,68,0%,8,Mathematics,,,
septenary.loans,available,68,1%,9,Mathematics,,,
ennead.loans,available,68,5%,6,Mathematics,,,
foursome.loans,available,68,4%,8,Sports,,,
threesome.loans,available,68,5%,9,Entertainment,,,
fortieth.loans,available,68,0%,8,Mathematics,,,
xii.loans,available,66,10%,3,Mathematics,,,
ninety.loans,available,66,11%,6,Mathematics,,,
xxv.loans,available,66,6%,3,Mathematics,,,
xxi.loans,available,66,10%,3,Mathematics,,,
xxvi.loans,available,66,3%,4,Mathematics,,,
onec.loans,available,66,6%,5,Mathematics,,,
five.loans,available,66,26%,4,Mathematics,,,
six.loans,available,66,26%,3,Mathematics,,,
xvii.loans,available,66,5%,4,Mathematics,,,
xviii.loans,available,66,5%,5,Mathematics,,,
xxii.loans,available,66,6%,4,Mathematics,,,
clv.loans,available,66,10%,3,Mathematics,,,
thirty.loans,available,66,8%,6,Mathematics,,,
xvi.loans,available,66,5%,3,Mathematics,,,
deuce.loans,available,66,9%,5,Sports,,,
sextet.loans,available,66,1%,6,Entertainment,,,
fifty.loans,available,66,12%,5,Mathematics,,,
xiii.loans,available,66,9%,4,Mathematics,,,
tenner.loans,available,66,5%,6,Finance,,,
latest.loans,available,66,18%,6,Technology,,,
acappella.loans,available,66,6%,10,Entertainment,,,
eighty.loans,available,66,6%,6,Mathematics,,,
quartet.loans,available,62,7%,7,"Arts,Entertainment",,,
twodozen.loans,available,62,1%,9,Mathematics,,,
longdozen.loans,available,62,2%,10,Mathematics,,,
chiliad.loans,available,62,2%,7,Mathematics,,,
eleventh.loans,available,62,5%,8,Mathematics,,,
eighteenth.loans,available,62,1%,10,Mathematics,,,
troika.loans,available,62,8%,6,Politics,,,
sixteenth.loans,available,62,1%,9,Mathematics,,,
fortyfour.loans,available,62,6%,10,Mathematics,,,
cxx.loans,available,60,10%,3,Mathematics,,,
cxxx.loans,available,60,4%,4,Mathematics,,,
clxxx.loans,available,60,1%,5,Mathematics,,,
clxxv.loans,available,60,1%,5,Mathematics,,,
clxx.loans,available,60,3%,4,Mathematics,,,
sixty.loans,available,60,13%,5,Mathematics,,,
tertiary.loans,available,60,4%,8,Education,,,
cxlv.loans,available,60,2%,4,Mathematics,,,
thou.loans,available,60,7%,4,Mathematics,,,
xcl.loans,available,60,5%,3,Mathematics,,,
cxl.loans,available,60,7%,3,Mathematics,,,
cxxv.loans,available,60,1%,4,Mathematics,,,
clxv.loans,available,60,1%,4,Mathematics,,,
clx.loans,available,60,10%,3,Mathematics,,,
cxv.loans,available,60,4%,3,Mathematics,,,
eightysix.loans,available,60,7%,10,Mathematics,,,
cxxxv.loans,available,60,2%,5,Mathematics,,,
tetrad.loans,available,58,5%,6,Mathematics,,,
twelfth.loans,available,58,2%,7,Mathematics,,,
lxxx.loans,available,58,2%,4,Mathematics,,,
cypher.loans,available,58,29%,6,Mathematics,,,
sextuplet.loans,available,58,1%,9,Healthcare,,,
seven.loans,available,58,36%,5,Mathematics,,,
fourscore.loans,available,58,4%,9,Mathematics,,,
pentad.loans,available,58,2%,6,Mathematics,,,
sixer.loans,available,58,5%,5,Sports,,,
fifth.loans,available,58,12%,5,Mathematics,,,
alacarte.loans,available,58,11%,10,Food and Beverage,,,
seventy.loans,available,58,7%,7,Mathematics,,,
centesimal.loans,available,58,1%,10,Mathematics,,,
eighter.loans,available,58,2%,7,Mathematics,,,
hexad.loans,available,58,4%,5,Mathematics,,,
octad.loans,available,58,5%,5,Mathematics,,,
fourth.loans,available,58,13%,6,Mathematics,,,
sixtyone.loans,available,58,3%,9,Mathematics,,,
heptad.loans,available,58,1%,6,Mathematics,,,
niner.loans,available,58,5%,5,Mathematics,,,
fiftyfive.loans,available,56,7%,10,Mathematics,,,
fortynine.loans,available,56,3%,10,Mathematics,,,
xxiii.loans,available,56,5%,5,Mathematics,,,
aone.loans,available,56,15%,5,Food and Beverage,,,
xxxiv.loans,available,56,1%,5,Mathematics,,,
xxix.loans,available,56,4%,4,Mathematics,,,
fortysix.loans,available,56,3%,9,Mathematics,,,
xlvii.loans,available,56,2%,5,Mathematics,,,
xxxi.loans,available,56,9%,4,Mathematics,,,
fiftyfour.loans,available,56,3%,10,Mathematics,,,
fiftyone.loans,available,56,7%,9,Mathematics,,,
xxxvi.loans,available,56,1%,5,Mathematics,,,
xxxvii.loans,available,56,2%,6,Mathematics,,,
liii.loans,available,56,4%,4,Mathematics,,,
fiftytwo.loans,available,56,6%,9,Mathematics,,,
xlviii.loans,available,56,1%,6,Mathematics,,,
xli.loans,available,56,5%,3,Mathematics,,,
lvii.loans,available,56,1%,4,Mathematics,,,
xxxv.loans,available,56,4%,4,Mathematics,,,
xxiv.loans,available,56,5%,4,Mathematics,,,
xxviii.loans,available,56,1%,6,Mathematics,,,
fortytwo.loans,available,56,17%,9,Mathematics,,,
xlvi.loans,available,56,3%,4,Mathematics,,,
thirtytwo.loans,available,56,5%,10,Mathematics,,,
thirtyone.loans,available,56,5%,10,Mathematics,,,
lii.loans,available,56,7%,3,Mathematics,,,
xxxviii.loans,available,56,1%,7,Mathematics,,,
fortyone.loans,available,56,4%,9,Mathematics,,,
ilx.loans,available,56,5%,3,Mathematics,,,
xlii.loans,available,56,5%,4,Mathematics,,,
thirtysix.loans,available,56,5%,10,Mathematics,,,
xliv.loans,available,56,2%,4,Mathematics,,,
xxxii.loans,available,56,1%,5,Mathematics,,,
lvi.loans,available,56,8%,3,Mathematics,,,
lviii.loans,available,56,1%,5,Mathematics,,,
xxxiii.loans,available,56,2%,6,Mathematics,,,
xliii.loans,available,56,1%,5,Mathematics,,,
xxvii.loans,available,56,3%,5,Mathematics,,,
xlv.loans,available,56,6%,3,Mathematics,,,
halfdozen.loans,available,56,1%,10,Mathematics,,,
fiftynine.loans,available,56,4%,10,Mathematics,,,
fiftysix.loans,available,56,4%,9,Mathematics,,,
quatern.loans,available,54,2%,7,Mathematics,,,
deuceace.loans,available,54,2%,9,Sports,,,
threescore.loans,available,54,1%,10,Mathematics,,,
quaternity.loans,available,54,4%,10,Mathematics,,,
viii.loans,available,54,6%,4,Mathematics,,,
topnotch.loans,available,54,18%,8,Business,,,
vii.loans,available,54,13%,3,Mathematics,,,
quaternion.loans,available,54,6%,10,Mathematics,,,
twoscore.loans,available,54,2%,8,Mathematics,,,
fortyfive.loans,available,54,4%,10,Mathematics,,,
lxxiv.loans,available,52,1%,5,Mathematics,,,
sixtyfour.loans,available,52,3%,10,Mathematics,,,
xcvi.loans,available,52,2%,4,Mathematics,,,
xciii.loans,available,52,1%,5,Mathematics,,,
sixtyfive.loans,available,52,3%,10,Mathematics,,,
xcviii.loans,available,52,1%,6,Mathematics,,,
ixl.loans,available,52,9%,3,Mathematics,,,
xci.loans,available,52,4%,3,Mathematics,,,
lxxxv.loans,available,52,1%,5,Mathematics,,,
ninetyone.loans,available,52,5%,10,Mathematics,,,
lxi.loans,available,52,5%,3,Mathematics,,,
lxiv.loans,available,52,3%,4,Mathematics,,,
xcv.loans,available,52,7%,3,Mathematics,,,
sixtysix.loans,available,52,4%,9,Mathematics,,,
lxii.loans,available,52,1%,4,Mathematics,,,
ninetysix.loans,available,52,4%,10,Mathematics,,,
lxiii.loans,available,52,2%,5,Mathematics,,,
sixtytwo.loans,available,52,3%,9,Mathematics,,,
lxxiii.loans,available,52,1%,6,Mathematics,,,
lxxxvi.loans,available,52,1%,6,Mathematics,,,
eightyone.loans,available,52,3%,10,Mathematics,,,
lxxxiii.loans,available,52,1%,7,Mathematics,,,
ninetytwo.loans,available,52,4%,10,Mathematics,,,
xciv.loans,available,52,2%,4,Mathematics,,,
lxxii.loans,available,52,1%,5,Mathematics,,,
xcii.loans,available,52,2%,4,Mathematics,,,
lxxxvii.loans,available,52,1%,7,Mathematics,,,
eightytwo.loans,available,52,4%,10,Mathematics,,,
lxvi.loans,available,52,3%,4,Mathematics,,,
lxxvii.loans,available,52,2%,6,Mathematics,,,
lxxxii.loans,available,52,1%,6,Mathematics,,,
lxxi.loans,available,52,1%,4,Mathematics,,,
lxxxiv.loans,available,52,1%,6,Mathematics,,,
xcvii.loans,available,52,1%,5,Mathematics,,,
lxvii.loans,available,52,1%,5,Mathematics,,,
lxxvi.loans,available,52,1%,5,Mathematics,,,
lxxv.loans,available,52,1%,4,Mathematics,,,
ixc.loans,available,52,5%,3,Mathematics,,,
lxxxi.loans,available,52,1%,5,Mathematics,,,
lxviii.loans,available,52,1%,6,Mathematics,,,
lxv.loans,available,52,5%,3,Mathematics,,,
cinque.loans,available,50,7%,6,Mathematics,,,
ogdoad.loans,available,50,1%,6,Mathematics,,,
triplet.loans,available,50,8%,7,Science,,,
lxx.loans,available,50,5%,3,Mathematics,,,
lxxxviii.loans,available,48,1%,8,Mathematics,,,
quaternary.loans,available,46,3%,10,Mathematics,,,